{
  "m": 0.017416317094073257,
  "o": 0.040646224696125346,
  "d": 0.02034609465006044,
  "u": 0.0204583095099226,
  "l": 0.02759354670285586,
  "e": 0.06369503806112314,
  "g": 0.014447660956293181,
  "i": 0.04696513772517006,
  "t": 0.04216226429004423,
  "h": 0.01567202114836382,
  "b": 0.010948849706297436,
  ".": 0.010291758455564815,
  "c": 0.022501037737597162,
  "/": 0.00299088661912483,
  "a": 0.049226191068943284,
  "n": 0.040606139599751574,
  "y": 0.009497061515730583,
  "s": 0.04333042251186216,
  "p": 0.016449457726619317,
  "r": 0.041854594068079225,
  "1": 0.032518350141372,
  "9": 0.004307293069108561,
  "8": 0.005042537652393821,
  "q": 0.0014574876213854962,
  "(": 0.002411372455174877,
  "-": 0.0060274407155200506,
  "j": 0.0027212396141379092,
  "w": 0.007244363735621971,
  "v": 0.006897634855060953,
  "3": 0.007801260253100468,
  "2": 0.011209564901849768,
  "+": 0.0003419658491185808,
  "f": 0.009780520411516553,
  "7": 0.004815730918868359,
  "0": 0.007869806488206833,
  ")": 0.0028688845850132773,
  "z": 0.004366637379575664,
  "x": 0.002430154465739947,
  "4": 0.006248214876141104,
  "k": 0.007833944192866146,
  "5": 0.005731871654724483,
  "6": 0.005026258709392073,
  "\"": 0.15495696245440072,
  "{": 0.0007836942471638039,
  "}": 0.0007840453969298814,
  ":": 0.0446127404230159,
  ",": 0.0786387475831217,
  "_": 0.0008091841186449703,
  "*": 0.0007092414929152114,
  "=": 0.0012054701354236984,
  "&": 0.00024750656204372475,
  ";": 0.0012472569575869247,
  "[": 0.00045630561525751855,
  "]": 0.00046635390087142946,
  "!": 0.0010377736125212875,
  "@": 0.000196301723077496,
  "<": 0.00029690162913863086,
  ">": 0.00038958715970278756,
  "|": 0.00012041735824412583,
  "%": 0.0002623899098213186,
  "'": 0.001852648158144745,
  "\\": 0.006077979270314748,
  "#": 0.00040656840223669073,
  "^": 0.00014790608223988748,
  "`": 0.0004278624842052385,
  "?": 0.001379163215869895,
  "~": 0.0001051918645406103,
  "$": 0.00033025185307584054
}